method,variant,seed,source,module_index,module_class,metric,value,notes
FCN + Residual-only,residual_only,42,first_test_batch,0,ResidualOnlyBlock,alpha_value,0.42964673042297363,module input diagnostics collected with forward pre-hooks
FCN + Residual-only,residual_only,42,first_test_batch,0,ResidualOnlyBlock,depthwise_weight_mean,-0.004500111099332571,module input diagnostics collected with forward pre-hooks
FCN + Residual-only,residual_only,42,first_test_batch,0,ResidualOnlyBlock,depthwise_weight_std,1.0023045539855957,module input diagnostics collected with forward pre-hooks
FCN + Residual-only,residual_only,42,first_test_batch,1,ResidualOnlyBlock,alpha_value,0.4649374186992645,module input diagnostics collected with forward pre-hooks
FCN + Residual-only,residual_only,42,first_test_batch,1,ResidualOnlyBlock,depthwise_weight_mean,0.02158546820282936,module input diagnostics collected with forward pre-hooks
FCN + Residual-only,residual_only,42,first_test_batch,1,ResidualOnlyBlock,depthwise_weight_std,0.9867241978645325,module input diagnostics collected with forward pre-hooks
FCN + Residual-only,residual_only,123,first_test_batch,0,ResidualOnlyBlock,alpha_value,0.431488960981369,module input diagnostics collected with forward pre-hooks
FCN + Residual-only,residual_only,123,first_test_batch,0,ResidualOnlyBlock,depthwise_weight_mean,0.0018253143643960357,module input diagnostics collected with forward pre-hooks
FCN + Residual-only,residual_only,123,first_test_batch,0,ResidualOnlyBlock,depthwise_weight_std,0.9995317459106445,module input diagnostics collected with forward pre-hooks
FCN + Residual-only,residual_only,123,first_test_batch,1,ResidualOnlyBlock,alpha_value,0.46801209449768066,module input diagnostics collected with forward pre-hooks
FCN + Residual-only,residual_only,123,first_test_batch,1,ResidualOnlyBlock,depthwise_weight_mean,0.015545271337032318,module input diagnostics collected with forward pre-hooks
FCN + Residual-only,residual_only,123,first_test_batch,1,ResidualOnlyBlock,depthwise_weight_std,0.9774571061134338,module input diagnostics collected with forward pre-hooks
FCN + Residual-only,residual_only,2026,first_test_batch,0,ResidualOnlyBlock,alpha_value,0.4358483552932739,module input diagnostics collected with forward pre-hooks
FCN + Residual-only,residual_only,2026,first_test_batch,0,ResidualOnlyBlock,depthwise_weight_mean,-0.010942546650767326,module input diagnostics collected with forward pre-hooks
FCN + Residual-only,residual_only,2026,first_test_batch,0,ResidualOnlyBlock,depthwise_weight_std,0.9960436224937439,module input diagnostics collected with forward pre-hooks
FCN + Residual-only,residual_only,2026,first_test_batch,1,ResidualOnlyBlock,alpha_value,0.4725780785083771,module input diagnostics collected with forward pre-hooks
FCN + Residual-only,residual_only,2026,first_test_batch,1,ResidualOnlyBlock,depthwise_weight_mean,-0.0036203130148351192,module input diagnostics collected with forward pre-hooks
FCN + Residual-only,residual_only,2026,first_test_batch,1,ResidualOnlyBlock,depthwise_weight_std,1.0044015645980835,module input diagnostics collected with forward pre-hooks
FCN + V2d-noBoundary-noLocalVar,no_boundary_no_local_var,42,first_test_batch,0,FADCGV2dAblation,boundary_gate_mean,NA,module input diagnostics collected with forward pre-hooks
FCN + V2d-noBoundary-noLocalVar,no_boundary_no_local_var,42,first_test_batch,0,FADCGV2dAblation,boundary_gate_std,NA,module input diagnostics collected with forward pre-hooks
FCN + V2d-noBoundary-noLocalVar,no_boundary_no_local_var,42,first_test_batch,0,FADCGV2dAblation,speckle_gate_mean,0.018033962696790695,module input diagnostics collected with forward pre-hooks
FCN + V2d-noBoundary-noLocalVar,no_boundary_no_local_var,42,first_test_batch,0,FADCGV2dAblation,speckle_gate_std,0.00046252738684415817,module input diagnostics collected with forward pre-hooks
FCN + V2d-noBoundary-noLocalVar,no_boundary_no_local_var,42,first_test_batch,0,FADCGV2dAblation,suppression_ratio,0.9981749057769775,module input diagnostics collected with forward pre-hooks
FCN + V2d-noBoundary-noLocalVar,no_boundary_no_local_var,42,first_test_batch,0,FADCGV2dAblation,combined_gate_mean,0.9981749057769775,module input diagnostics collected with forward pre-hooks
FCN + V2d-noBoundary-noLocalVar,no_boundary_no_local_var,42,first_test_batch,0,FADCGV2dAblation,combined_gate_std,4.680874553741887e-05,module input diagnostics collected with forward pre-hooks
FCN + V2d-noBoundary-noLocalVar,no_boundary_no_local_var,42,first_test_batch,0,FADCGV2dAblation,local_high_descriptor_mean,0.3010377287864685,module input diagnostics collected with forward pre-hooks
FCN + V2d-noBoundary-noLocalVar,no_boundary_no_local_var,42,first_test_batch,0,FADCGV2dAblation,local_variance_proxy_mean,NA,module input diagnostics collected with forward pre-hooks
FCN + V2d-noBoundary-noLocalVar,no_boundary_no_local_var,42,first_test_batch,0,FADCGV2dAblation,multi_scale_consistency_mean,NA,module input diagnostics collected with forward pre-hooks
FCN + V2d-noBoundary-noLocalVar,no_boundary_no_local_var,42,first_test_batch,0,FADCGV2dAblation,alpha_value,0.48754286766052246,module input diagnostics collected with forward pre-hooks
FCN + V2d-noBoundary-noLocalVar,no_boundary_no_local_var,42,first_test_batch,0,FADCGV2dAblation,beta_value,0.1012018546462059,module input diagnostics collected with forward pre-hooks
FCN + V2d-noBoundary-noLocalVar,no_boundary_no_local_var,42,first_test_batch,0,FADCGV2dAblation,channel_gate_mean,0.30195629596710205,module input diagnostics collected with forward pre-hooks
FCN + V2d-noBoundary-noLocalVar,no_boundary_no_local_var,42,first_test_batch,0,FADCGV2dAblation,channel_gate_std,0.34568139910697937,module input diagnostics collected with forward pre-hooks
FCN + V2d-noBoundary-noLocalVar,no_boundary_no_local_var,42,first_test_batch,0,FADCGV2dAblation,freq_init,random,module input diagnostics collected with forward pre-hooks
FCN + V2d-noBoundary-noLocalVar,no_boundary_no_local_var,42,first_test_batch,0,FADCGV2dAblation,depthwise_weight_mean,-0.0014190992806106806,module input diagnostics collected with forward pre-hooks
FCN + V2d-noBoundary-noLocalVar,no_boundary_no_local_var,42,first_test_batch,0,FADCGV2dAblation,depthwise_weight_std,1.0007188320159912,module input diagnostics collected with forward pre-hooks
FCN + V2d-noBoundary-noLocalVar,no_boundary_no_local_var,42,first_test_batch,1,FADCGV2dAblation,boundary_gate_mean,NA,module input diagnostics collected with forward pre-hooks
FCN + V2d-noBoundary-noLocalVar,no_boundary_no_local_var,42,first_test_batch,1,FADCGV2dAblation,boundary_gate_std,NA,module input diagnostics collected with forward pre-hooks
FCN + V2d-noBoundary-noLocalVar,no_boundary_no_local_var,42,first_test_batch,1,FADCGV2dAblation,speckle_gate_mean,0.017965789884328842,module input diagnostics collected with forward pre-hooks
FCN + V2d-noBoundary-noLocalVar,no_boundary_no_local_var,42,first_test_batch,1,FADCGV2dAblation,speckle_gate_std,0.00015735109627712518,module input diagnostics collected with forward pre-hooks
FCN + V2d-noBoundary-noLocalVar,no_boundary_no_local_var,42,first_test_batch,1,FADCGV2dAblation,suppression_ratio,0.9982197880744934,module input diagnostics collected with forward pre-hooks
FCN + V2d-noBoundary-noLocalVar,no_boundary_no_local_var,42,first_test_batch,1,FADCGV2dAblation,combined_gate_mean,0.9982197880744934,module input diagnostics collected with forward pre-hooks
FCN + V2d-noBoundary-noLocalVar,no_boundary_no_local_var,42,first_test_batch,1,FADCGV2dAblation,combined_gate_std,1.5591778719681315e-05,module input diagnostics collected with forward pre-hooks
FCN + V2d-noBoundary-noLocalVar,no_boundary_no_local_var,42,first_test_batch,1,FADCGV2dAblation,local_high_descriptor_mean,0.31807684898376465,module input diagnostics collected with forward pre-hooks
FCN + V2d-noBoundary-noLocalVar,no_boundary_no_local_var,42,first_test_batch,1,FADCGV2dAblation,local_variance_proxy_mean,NA,module input diagnostics collected with forward pre-hooks
FCN + V2d-noBoundary-noLocalVar,no_boundary_no_local_var,42,first_test_batch,1,FADCGV2dAblation,multi_scale_consistency_mean,NA,module input diagnostics collected with forward pre-hooks
FCN + V2d-noBoundary-noLocalVar,no_boundary_no_local_var,42,first_test_batch,1,FADCGV2dAblation,alpha_value,0.5101404190063477,module input diagnostics collected with forward pre-hooks
FCN + V2d-noBoundary-noLocalVar,no_boundary_no_local_var,42,first_test_batch,1,FADCGV2dAblation,beta_value,0.09908860176801682,module input diagnostics collected with forward pre-hooks
FCN + V2d-noBoundary-noLocalVar,no_boundary_no_local_var,42,first_test_batch,1,FADCGV2dAblation,channel_gate_mean,0.4814116656780243,module input diagnostics collected with forward pre-hooks
FCN + V2d-noBoundary-noLocalVar,no_boundary_no_local_var,42,first_test_batch,1,FADCGV2dAblation,channel_gate_std,0.295794814825058,module input diagnostics collected with forward pre-hooks
FCN + V2d-noBoundary-noLocalVar,no_boundary_no_local_var,42,first_test_batch,1,FADCGV2dAblation,freq_init,random,module input diagnostics collected with forward pre-hooks
FCN + V2d-noBoundary-noLocalVar,no_boundary_no_local_var,42,first_test_batch,1,FADCGV2dAblation,depthwise_weight_mean,-0.014537602663040161,module input diagnostics collected with forward pre-hooks
FCN + V2d-noBoundary-noLocalVar,no_boundary_no_local_var,42,first_test_batch,1,FADCGV2dAblation,depthwise_weight_std,1.0059818029403687,module input diagnostics collected with forward pre-hooks
FCN + V2d-noBoundary-noLocalVar,no_boundary_no_local_var,123,first_test_batch,0,FADCGV2dAblation,boundary_gate_mean,NA,module input diagnostics collected with forward pre-hooks
FCN + V2d-noBoundary-noLocalVar,no_boundary_no_local_var,123,first_test_batch,0,FADCGV2dAblation,boundary_gate_std,NA,module input diagnostics collected with forward pre-hooks
FCN + V2d-noBoundary-noLocalVar,no_boundary_no_local_var,123,first_test_batch,0,FADCGV2dAblation,speckle_gate_mean,0.018039800226688385,module input diagnostics collected with forward pre-hooks
FCN + V2d-noBoundary-noLocalVar,no_boundary_no_local_var,123,first_test_batch,0,FADCGV2dAblation,speckle_gate_std,0.0004130088782403618,module input diagnostics collected with forward pre-hooks
FCN + V2d-noBoundary-noLocalVar,no_boundary_no_local_var,123,first_test_batch,0,FADCGV2dAblation,suppression_ratio,0.9981759786605835,module input diagnostics collected with forward pre-hooks
FCN + V2d-noBoundary-noLocalVar,no_boundary_no_local_var,123,first_test_batch,0,FADCGV2dAblation,combined_gate_mean,0.9981759786605835,module input diagnostics collected with forward pre-hooks
FCN + V2d-noBoundary-noLocalVar,no_boundary_no_local_var,123,first_test_batch,0,FADCGV2dAblation,combined_gate_std,4.176028596702963e-05,module input diagnostics collected with forward pre-hooks
FCN + V2d-noBoundary-noLocalVar,no_boundary_no_local_var,123,first_test_batch,0,FADCGV2dAblation,local_high_descriptor_mean,0.2913609743118286,module input diagnostics collected with forward pre-hooks
FCN + V2d-noBoundary-noLocalVar,no_boundary_no_local_var,123,first_test_batch,0,FADCGV2dAblation,local_variance_proxy_mean,NA,module input diagnostics collected with forward pre-hooks
FCN + V2d-noBoundary-noLocalVar,no_boundary_no_local_var,123,first_test_batch,0,FADCGV2dAblation,multi_scale_consistency_mean,NA,module input diagnostics collected with forward pre-hooks
FCN + V2d-noBoundary-noLocalVar,no_boundary_no_local_var,123,first_test_batch,0,FADCGV2dAblation,alpha_value,0.4884394705295563,module input diagnostics collected with forward pre-hooks
FCN + V2d-noBoundary-noLocalVar,no_boundary_no_local_var,123,first_test_batch,0,FADCGV2dAblation,beta_value,0.10111159831285477,module input diagnostics collected with forward pre-hooks
FCN + V2d-noBoundary-noLocalVar,no_boundary_no_local_var,123,first_test_batch,0,FADCGV2dAblation,channel_gate_mean,0.3234899342060089,module input diagnostics collected with forward pre-hooks
FCN + V2d-noBoundary-noLocalVar,no_boundary_no_local_var,123,first_test_batch,0,FADCGV2dAblation,channel_gate_std,0.3316602110862732,module input diagnostics collected with forward pre-hooks
FCN + V2d-noBoundary-noLocalVar,no_boundary_no_local_var,123,first_test_batch,0,FADCGV2dAblation,freq_init,random,module input diagnostics collected with forward pre-hooks
FCN + V2d-noBoundary-noLocalVar,no_boundary_no_local_var,123,first_test_batch,0,FADCGV2dAblation,depthwise_weight_mean,0.0002886508300434798,module input diagnostics collected with forward pre-hooks
FCN + V2d-noBoundary-noLocalVar,no_boundary_no_local_var,123,first_test_batch,0,FADCGV2dAblation,depthwise_weight_std,1.0045955181121826,module input diagnostics collected with forward pre-hooks
FCN + V2d-noBoundary-noLocalVar,no_boundary_no_local_var,123,first_test_batch,1,FADCGV2dAblation,boundary_gate_mean,NA,module input diagnostics collected with forward pre-hooks
FCN + V2d-noBoundary-noLocalVar,no_boundary_no_local_var,123,first_test_batch,1,FADCGV2dAblation,boundary_gate_std,NA,module input diagnostics collected with forward pre-hooks
FCN + V2d-noBoundary-noLocalVar,no_boundary_no_local_var,123,first_test_batch,1,FADCGV2dAblation,speckle_gate_mean,0.017970938235521317,module input diagnostics collected with forward pre-hooks
FCN + V2d-noBoundary-noLocalVar,no_boundary_no_local_var,123,first_test_batch,1,FADCGV2dAblation,speckle_gate_std,0.00016411779506597668,module input diagnostics collected with forward pre-hooks
FCN + V2d-noBoundary-noLocalVar,no_boundary_no_local_var,123,first_test_batch,1,FADCGV2dAblation,suppression_ratio,0.9982125759124756,module input diagnostics collected with forward pre-hooks
FCN + V2d-noBoundary-noLocalVar,no_boundary_no_local_var,123,first_test_batch,1,FADCGV2dAblation,combined_gate_mean,0.9982125759124756,module input diagnostics collected with forward pre-hooks
FCN + V2d-noBoundary-noLocalVar,no_boundary_no_local_var,123,first_test_batch,1,FADCGV2dAblation,combined_gate_std,1.632285966479685e-05,module input diagnostics collected with forward pre-hooks
FCN + V2d-noBoundary-noLocalVar,no_boundary_no_local_var,123,first_test_batch,1,FADCGV2dAblation,local_high_descriptor_mean,0.3130840063095093,module input diagnostics collected with forward pre-hooks
FCN + V2d-noBoundary-noLocalVar,no_boundary_no_local_var,123,first_test_batch,1,FADCGV2dAblation,local_variance_proxy_mean,NA,module input diagnostics collected with forward pre-hooks
FCN + V2d-noBoundary-noLocalVar,no_boundary_no_local_var,123,first_test_batch,1,FADCGV2dAblation,multi_scale_consistency_mean,NA,module input diagnostics collected with forward pre-hooks
FCN + V2d-noBoundary-noLocalVar,no_boundary_no_local_var,123,first_test_batch,1,FADCGV2dAblation,alpha_value,0.5061072111129761,module input diagnostics collected with forward pre-hooks
FCN + V2d-noBoundary-noLocalVar,no_boundary_no_local_var,123,first_test_batch,1,FADCGV2dAblation,beta_value,0.099461629986763,module input diagnostics collected with forward pre-hooks
FCN + V2d-noBoundary-noLocalVar,no_boundary_no_local_var,123,first_test_batch,1,FADCGV2dAblation,channel_gate_mean,0.49251890182495117,module input diagnostics collected with forward pre-hooks
FCN + V2d-noBoundary-noLocalVar,no_boundary_no_local_var,123,first_test_batch,1,FADCGV2dAblation,channel_gate_std,0.26758161187171936,module input diagnostics collected with forward pre-hooks
FCN + V2d-noBoundary-noLocalVar,no_boundary_no_local_var,123,first_test_batch,1,FADCGV2dAblation,freq_init,random,module input diagnostics collected with forward pre-hooks
FCN + V2d-noBoundary-noLocalVar,no_boundary_no_local_var,123,first_test_batch,1,FADCGV2dAblation,depthwise_weight_mean,0.0009929058142006397,module input diagnostics collected with forward pre-hooks
FCN + V2d-noBoundary-noLocalVar,no_boundary_no_local_var,123,first_test_batch,1,FADCGV2dAblation,depthwise_weight_std,0.991112470626831,module input diagnostics collected with forward pre-hooks
FCN + V2d-noBoundary-noLocalVar,no_boundary_no_local_var,2026,first_test_batch,0,FADCGV2dAblation,boundary_gate_mean,NA,module input diagnostics collected with forward pre-hooks
FCN + V2d-noBoundary-noLocalVar,no_boundary_no_local_var,2026,first_test_batch,0,FADCGV2dAblation,boundary_gate_std,NA,module input diagnostics collected with forward pre-hooks
FCN + V2d-noBoundary-noLocalVar,no_boundary_no_local_var,2026,first_test_batch,0,FADCGV2dAblation,speckle_gate_mean,0.018010426312685013,module input diagnostics collected with forward pre-hooks
FCN + V2d-noBoundary-noLocalVar,no_boundary_no_local_var,2026,first_test_batch,0,FADCGV2dAblation,speckle_gate_std,0.0005198903963901103,module input diagnostics collected with forward pre-hooks
FCN + V2d-noBoundary-noLocalVar,no_boundary_no_local_var,2026,first_test_batch,0,FADCGV2dAblation,suppression_ratio,0.9981791973114014,module input diagnostics collected with forward pre-hooks
FCN + V2d-noBoundary-noLocalVar,no_boundary_no_local_var,2026,first_test_batch,0,FADCGV2dAblation,combined_gate_mean,0.9981791973114014,module input diagnostics collected with forward pre-hooks
FCN + V2d-noBoundary-noLocalVar,no_boundary_no_local_var,2026,first_test_batch,0,FADCGV2dAblation,combined_gate_std,5.2560295443981886e-05,module input diagnostics collected with forward pre-hooks
FCN + V2d-noBoundary-noLocalVar,no_boundary_no_local_var,2026,first_test_batch,0,FADCGV2dAblation,local_high_descriptor_mean,0.3108461797237396,module input diagnostics collected with forward pre-hooks
FCN + V2d-noBoundary-noLocalVar,no_boundary_no_local_var,2026,first_test_batch,0,FADCGV2dAblation,local_variance_proxy_mean,NA,module input diagnostics collected with forward pre-hooks
FCN + V2d-noBoundary-noLocalVar,no_boundary_no_local_var,2026,first_test_batch,0,FADCGV2dAblation,multi_scale_consistency_mean,NA,module input diagnostics collected with forward pre-hooks
FCN + V2d-noBoundary-noLocalVar,no_boundary_no_local_var,2026,first_test_batch,0,FADCGV2dAblation,alpha_value,0.4888294041156769,module input diagnostics collected with forward pre-hooks
FCN + V2d-noBoundary-noLocalVar,no_boundary_no_local_var,2026,first_test_batch,0,FADCGV2dAblation,beta_value,0.10109737515449524,module input diagnostics collected with forward pre-hooks
FCN + V2d-noBoundary-noLocalVar,no_boundary_no_local_var,2026,first_test_batch,0,FADCGV2dAblation,channel_gate_mean,0.340101957321167,module input diagnostics collected with forward pre-hooks
FCN + V2d-noBoundary-noLocalVar,no_boundary_no_local_var,2026,first_test_batch,0,FADCGV2dAblation,channel_gate_std,0.34237539768218994,module input diagnostics collected with forward pre-hooks
FCN + V2d-noBoundary-noLocalVar,no_boundary_no_local_var,2026,first_test_batch,0,FADCGV2dAblation,freq_init,random,module input diagnostics collected with forward pre-hooks
FCN + V2d-noBoundary-noLocalVar,no_boundary_no_local_var,2026,first_test_batch,0,FADCGV2dAblation,depthwise_weight_mean,-0.008750968612730503,module input diagnostics collected with forward pre-hooks
FCN + V2d-noBoundary-noLocalVar,no_boundary_no_local_var,2026,first_test_batch,0,FADCGV2dAblation,depthwise_weight_std,0.9944472312927246,module input diagnostics collected with forward pre-hooks
FCN + V2d-noBoundary-noLocalVar,no_boundary_no_local_var,2026,first_test_batch,1,FADCGV2dAblation,boundary_gate_mean,NA,module input diagnostics collected with forward pre-hooks
FCN + V2d-noBoundary-noLocalVar,no_boundary_no_local_var,2026,first_test_batch,1,FADCGV2dAblation,boundary_gate_std,NA,module input diagnostics collected with forward pre-hooks
FCN + V2d-noBoundary-noLocalVar,no_boundary_no_local_var,2026,first_test_batch,1,FADCGV2dAblation,speckle_gate_mean,0.01797090843319893,module input diagnostics collected with forward pre-hooks
FCN + V2d-noBoundary-noLocalVar,no_boundary_no_local_var,2026,first_test_batch,1,FADCGV2dAblation,speckle_gate_std,0.00016209455498028547,module input diagnostics collected with forward pre-hooks
FCN + V2d-noBoundary-noLocalVar,no_boundary_no_local_var,2026,first_test_batch,1,FADCGV2dAblation,suppression_ratio,0.9982093572616577,module input diagnostics collected with forward pre-hooks
FCN + V2d-noBoundary-noLocalVar,no_boundary_no_local_var,2026,first_test_batch,1,FADCGV2dAblation,combined_gate_mean,0.9982093572616577,module input diagnostics collected with forward pre-hooks
FCN + V2d-noBoundary-noLocalVar,no_boundary_no_local_var,2026,first_test_batch,1,FADCGV2dAblation,combined_gate_std,1.615177643543575e-05,module input diagnostics collected with forward pre-hooks
FCN + V2d-noBoundary-noLocalVar,no_boundary_no_local_var,2026,first_test_batch,1,FADCGV2dAblation,local_high_descriptor_mean,0.32872581481933594,module input diagnostics collected with forward pre-hooks
FCN + V2d-noBoundary-noLocalVar,no_boundary_no_local_var,2026,first_test_batch,1,FADCGV2dAblation,local_variance_proxy_mean,NA,module input diagnostics collected with forward pre-hooks
FCN + V2d-noBoundary-noLocalVar,no_boundary_no_local_var,2026,first_test_batch,1,FADCGV2dAblation,multi_scale_consistency_mean,NA,module input diagnostics collected with forward pre-hooks
FCN + V2d-noBoundary-noLocalVar,no_boundary_no_local_var,2026,first_test_batch,1,FADCGV2dAblation,alpha_value,0.503947377204895,module input diagnostics collected with forward pre-hooks
FCN + V2d-noBoundary-noLocalVar,no_boundary_no_local_var,2026,first_test_batch,1,FADCGV2dAblation,beta_value,0.09964320063591003,module input diagnostics collected with forward pre-hooks
FCN + V2d-noBoundary-noLocalVar,no_boundary_no_local_var,2026,first_test_batch,1,FADCGV2dAblation,channel_gate_mean,0.48193901777267456,module input diagnostics collected with forward pre-hooks
FCN + V2d-noBoundary-noLocalVar,no_boundary_no_local_var,2026,first_test_batch,1,FADCGV2dAblation,channel_gate_std,0.281851202249527,module input diagnostics collected with forward pre-hooks
FCN + V2d-noBoundary-noLocalVar,no_boundary_no_local_var,2026,first_test_batch,1,FADCGV2dAblation,freq_init,random,module input diagnostics collected with forward pre-hooks
FCN + V2d-noBoundary-noLocalVar,no_boundary_no_local_var,2026,first_test_batch,1,FADCGV2dAblation,depthwise_weight_mean,-0.011030975729227066,module input diagnostics collected with forward pre-hooks
FCN + V2d-noBoundary-noLocalVar,no_boundary_no_local_var,2026,first_test_batch,1,FADCGV2dAblation,depthwise_weight_std,1.0061049461364746,module input diagnostics collected with forward pre-hooks
FCN + Residual-only,residual_only,2027,first_test_batch,0,ResidualOnlyBlock,alpha_value,0.4290899336338043,module input diagnostics collected with forward pre-hooks
FCN + Residual-only,residual_only,2027,first_test_batch,0,ResidualOnlyBlock,depthwise_weight_mean,0.0009964661439880729,module input diagnostics collected with forward pre-hooks
FCN + Residual-only,residual_only,2027,first_test_batch,0,ResidualOnlyBlock,depthwise_weight_std,1.0041983127593994,module input diagnostics collected with forward pre-hooks
FCN + Residual-only,residual_only,2027,first_test_batch,1,ResidualOnlyBlock,alpha_value,0.4673628807067871,module input diagnostics collected with forward pre-hooks
FCN + Residual-only,residual_only,2027,first_test_batch,1,ResidualOnlyBlock,depthwise_weight_mean,-0.02321598306298256,module input diagnostics collected with forward pre-hooks
FCN + Residual-only,residual_only,2027,first_test_batch,1,ResidualOnlyBlock,depthwise_weight_std,1.000663161277771,module input diagnostics collected with forward pre-hooks
FCN + Residual-only,residual_only,2028,first_test_batch,0,ResidualOnlyBlock,alpha_value,0.43628448247909546,module input diagnostics collected with forward pre-hooks
FCN + Residual-only,residual_only,2028,first_test_batch,0,ResidualOnlyBlock,depthwise_weight_mean,-0.018787289038300514,module input diagnostics collected with forward pre-hooks
FCN + Residual-only,residual_only,2028,first_test_batch,0,ResidualOnlyBlock,depthwise_weight_std,1.0020650625228882,module input diagnostics collected with forward pre-hooks
FCN + Residual-only,residual_only,2028,first_test_batch,1,ResidualOnlyBlock,alpha_value,0.468149334192276,module input diagnostics collected with forward pre-hooks
FCN + Residual-only,residual_only,2028,first_test_batch,1,ResidualOnlyBlock,depthwise_weight_mean,-0.0031649922020733356,module input diagnostics collected with forward pre-hooks
FCN + Residual-only,residual_only,2028,first_test_batch,1,ResidualOnlyBlock,depthwise_weight_std,0.994117021560669,module input diagnostics collected with forward pre-hooks
FCN + Residual-only,residual_only,2029,first_test_batch,0,ResidualOnlyBlock,alpha_value,0.4358775317668915,module input diagnostics collected with forward pre-hooks
FCN + Residual-only,residual_only,2029,first_test_batch,0,ResidualOnlyBlock,depthwise_weight_mean,0.002020906424149871,module input diagnostics collected with forward pre-hooks
FCN + Residual-only,residual_only,2029,first_test_batch,0,ResidualOnlyBlock,depthwise_weight_std,0.9918148517608643,module input diagnostics collected with forward pre-hooks
FCN + Residual-only,residual_only,2029,first_test_batch,1,ResidualOnlyBlock,alpha_value,0.47611477971076965,module input diagnostics collected with forward pre-hooks
FCN + Residual-only,residual_only,2029,first_test_batch,1,ResidualOnlyBlock,depthwise_weight_mean,0.004029470961540937,module input diagnostics collected with forward pre-hooks
FCN + Residual-only,residual_only,2029,first_test_batch,1,ResidualOnlyBlock,depthwise_weight_std,1.016461730003357,module input diagnostics collected with forward pre-hooks
FCN + V2d-noBoundary-noLocalVar,no_boundary_no_local_var,2027,first_test_batch,0,FADCGV2dAblation,boundary_gate_mean,NA,module input diagnostics collected with forward pre-hooks
FCN + V2d-noBoundary-noLocalVar,no_boundary_no_local_var,2027,first_test_batch,0,FADCGV2dAblation,boundary_gate_std,NA,module input diagnostics collected with forward pre-hooks
FCN + V2d-noBoundary-noLocalVar,no_boundary_no_local_var,2027,first_test_batch,0,FADCGV2dAblation,speckle_gate_mean,0.01799905300140381,module input diagnostics collected with forward pre-hooks
FCN + V2d-noBoundary-noLocalVar,no_boundary_no_local_var,2027,first_test_batch,0,FADCGV2dAblation,speckle_gate_std,0.0004997827345505357,module input diagnostics collected with forward pre-hooks
FCN + V2d-noBoundary-noLocalVar,no_boundary_no_local_var,2027,first_test_batch,0,FADCGV2dAblation,suppression_ratio,0.9981876015663147,module input diagnostics collected with forward pre-hooks
FCN + V2d-noBoundary-noLocalVar,no_boundary_no_local_var,2027,first_test_batch,0,FADCGV2dAblation,combined_gate_mean,0.9981876015663147,module input diagnostics collected with forward pre-hooks
FCN + V2d-noBoundary-noLocalVar,no_boundary_no_local_var,2027,first_test_batch,0,FADCGV2dAblation,combined_gate_std,5.0325197662459686e-05,module input diagnostics collected with forward pre-hooks
FCN + V2d-noBoundary-noLocalVar,no_boundary_no_local_var,2027,first_test_batch,0,FADCGV2dAblation,local_high_descriptor_mean,0.2957831025123596,module input diagnostics collected with forward pre-hooks
FCN + V2d-noBoundary-noLocalVar,no_boundary_no_local_var,2027,first_test_batch,0,FADCGV2dAblation,local_variance_proxy_mean,NA,module input diagnostics collected with forward pre-hooks
FCN + V2d-noBoundary-noLocalVar,no_boundary_no_local_var,2027,first_test_batch,0,FADCGV2dAblation,multi_scale_consistency_mean,NA,module input diagnostics collected with forward pre-hooks
FCN + V2d-noBoundary-noLocalVar,no_boundary_no_local_var,2027,first_test_batch,0,FADCGV2dAblation,alpha_value,0.4933665990829468,module input diagnostics collected with forward pre-hooks
FCN + V2d-noBoundary-noLocalVar,no_boundary_no_local_var,2027,first_test_batch,0,FADCGV2dAblation,beta_value,0.10069401562213898,module input diagnostics collected with forward pre-hooks
FCN + V2d-noBoundary-noLocalVar,no_boundary_no_local_var,2027,first_test_batch,0,FADCGV2dAblation,channel_gate_mean,0.3216032385826111,module input diagnostics collected with forward pre-hooks
FCN + V2d-noBoundary-noLocalVar,no_boundary_no_local_var,2027,first_test_batch,0,FADCGV2dAblation,channel_gate_std,0.3374687433242798,module input diagnostics collected with forward pre-hooks
FCN + V2d-noBoundary-noLocalVar,no_boundary_no_local_var,2027,first_test_batch,0,FADCGV2dAblation,freq_init,random,module input diagnostics collected with forward pre-hooks
FCN + V2d-noBoundary-noLocalVar,no_boundary_no_local_var,2027,first_test_batch,0,FADCGV2dAblation,depthwise_weight_mean,0.0011758055770769715,module input diagnostics collected with forward pre-hooks
FCN + V2d-noBoundary-noLocalVar,no_boundary_no_local_var,2027,first_test_batch,0,FADCGV2dAblation,depthwise_weight_std,1.0034013986587524,module input diagnostics collected with forward pre-hooks
FCN + V2d-noBoundary-noLocalVar,no_boundary_no_local_var,2027,first_test_batch,1,FADCGV2dAblation,boundary_gate_mean,NA,module input diagnostics collected with forward pre-hooks
FCN + V2d-noBoundary-noLocalVar,no_boundary_no_local_var,2027,first_test_batch,1,FADCGV2dAblation,boundary_gate_std,NA,module input diagnostics collected with forward pre-hooks
FCN + V2d-noBoundary-noLocalVar,no_boundary_no_local_var,2027,first_test_batch,1,FADCGV2dAblation,speckle_gate_mean,0.017963163554668427,module input diagnostics collected with forward pre-hooks
FCN + V2d-noBoundary-noLocalVar,no_boundary_no_local_var,2027,first_test_batch,1,FADCGV2dAblation,speckle_gate_std,0.00016789483197499067,module input diagnostics collected with forward pre-hooks
FCN + V2d-noBoundary-noLocalVar,no_boundary_no_local_var,2027,first_test_batch,1,FADCGV2dAblation,suppression_ratio,0.9982200860977173,module input diagnostics collected with forward pre-hooks
FCN + V2d-noBoundary-noLocalVar,no_boundary_no_local_var,2027,first_test_batch,1,FADCGV2dAblation,combined_gate_mean,0.9982200860977173,module input diagnostics collected with forward pre-hooks
FCN + V2d-noBoundary-noLocalVar,no_boundary_no_local_var,2027,first_test_batch,1,FADCGV2dAblation,combined_gate_std,1.6636893633403815e-05,module input diagnostics collected with forward pre-hooks
FCN + V2d-noBoundary-noLocalVar,no_boundary_no_local_var,2027,first_test_batch,1,FADCGV2dAblation,local_high_descriptor_mean,0.3197896480560303,module input diagnostics collected with forward pre-hooks
FCN + V2d-noBoundary-noLocalVar,no_boundary_no_local_var,2027,first_test_batch,1,FADCGV2dAblation,local_variance_proxy_mean,NA,module input diagnostics collected with forward pre-hooks
FCN + V2d-noBoundary-noLocalVar,no_boundary_no_local_var,2027,first_test_batch,1,FADCGV2dAblation,multi_scale_consistency_mean,NA,module input diagnostics collected with forward pre-hooks
FCN + V2d-noBoundary-noLocalVar,no_boundary_no_local_var,2027,first_test_batch,1,FADCGV2dAblation,alpha_value,0.5102730989456177,module input diagnostics collected with forward pre-hooks
FCN + V2d-noBoundary-noLocalVar,no_boundary_no_local_var,2027,first_test_batch,1,FADCGV2dAblation,beta_value,0.0990876853466034,module input diagnostics collected with forward pre-hooks
FCN + V2d-noBoundary-noLocalVar,no_boundary_no_local_var,2027,first_test_batch,1,FADCGV2dAblation,channel_gate_mean,0.48996788263320923,module input diagnostics collected with forward pre-hooks
FCN + V2d-noBoundary-noLocalVar,no_boundary_no_local_var,2027,first_test_batch,1,FADCGV2dAblation,channel_gate_std,0.31642407178878784,module input diagnostics collected with forward pre-hooks
FCN + V2d-noBoundary-noLocalVar,no_boundary_no_local_var,2027,first_test_batch,1,FADCGV2dAblation,freq_init,random,module input diagnostics collected with forward pre-hooks
FCN + V2d-noBoundary-noLocalVar,no_boundary_no_local_var,2027,first_test_batch,1,FADCGV2dAblation,depthwise_weight_mean,-0.0343046635389328,module input diagnostics collected with forward pre-hooks
FCN + V2d-noBoundary-noLocalVar,no_boundary_no_local_var,2027,first_test_batch,1,FADCGV2dAblation,depthwise_weight_std,0.9871717691421509,module input diagnostics collected with forward pre-hooks
FCN + V2d-noBoundary-noLocalVar,no_boundary_no_local_var,2028,first_test_batch,0,FADCGV2dAblation,boundary_gate_mean,NA,module input diagnostics collected with forward pre-hooks
FCN + V2d-noBoundary-noLocalVar,no_boundary_no_local_var,2028,first_test_batch,0,FADCGV2dAblation,boundary_gate_std,NA,module input diagnostics collected with forward pre-hooks
FCN + V2d-noBoundary-noLocalVar,no_boundary_no_local_var,2028,first_test_batch,0,FADCGV2dAblation,speckle_gate_mean,0.018002815544605255,module input diagnostics collected with forward pre-hooks
FCN + V2d-noBoundary-noLocalVar,no_boundary_no_local_var,2028,first_test_batch,0,FADCGV2dAblation,speckle_gate_std,0.0004928542184643447,module input diagnostics collected with forward pre-hooks
FCN + V2d-noBoundary-noLocalVar,no_boundary_no_local_var,2028,first_test_batch,0,FADCGV2dAblation,suppression_ratio,0.9981865882873535,module input diagnostics collected with forward pre-hooks
FCN + V2d-noBoundary-noLocalVar,no_boundary_no_local_var,2028,first_test_batch,0,FADCGV2dAblation,combined_gate_mean,0.9981865882873535,module input diagnostics collected with forward pre-hooks
FCN + V2d-noBoundary-noLocalVar,no_boundary_no_local_var,2028,first_test_batch,0,FADCGV2dAblation,combined_gate_std,4.9644935643300414e-05,module input diagnostics collected with forward pre-hooks
FCN + V2d-noBoundary-noLocalVar,no_boundary_no_local_var,2028,first_test_batch,0,FADCGV2dAblation,local_high_descriptor_mean,0.2982262372970581,module input diagnostics collected with forward pre-hooks
FCN + V2d-noBoundary-noLocalVar,no_boundary_no_local_var,2028,first_test_batch,0,FADCGV2dAblation,local_variance_proxy_mean,NA,module input diagnostics collected with forward pre-hooks
FCN + V2d-noBoundary-noLocalVar,no_boundary_no_local_var,2028,first_test_batch,0,FADCGV2dAblation,multi_scale_consistency_mean,NA,module input diagnostics collected with forward pre-hooks
FCN + V2d-noBoundary-noLocalVar,no_boundary_no_local_var,2028,first_test_batch,0,FADCGV2dAblation,alpha_value,0.49274197220802307,module input diagnostics collected with forward pre-hooks
FCN + V2d-noBoundary-noLocalVar,no_boundary_no_local_var,2028,first_test_batch,0,FADCGV2dAblation,beta_value,0.10072968900203705,module input diagnostics collected with forward pre-hooks
FCN + V2d-noBoundary-noLocalVar,no_boundary_no_local_var,2028,first_test_batch,0,FADCGV2dAblation,channel_gate_mean,0.3663359582424164,module input diagnostics collected with forward pre-hooks
FCN + V2d-noBoundary-noLocalVar,no_boundary_no_local_var,2028,first_test_batch,0,FADCGV2dAblation,channel_gate_std,0.34476345777511597,module input diagnostics collected with forward pre-hooks
FCN + V2d-noBoundary-noLocalVar,no_boundary_no_local_var,2028,first_test_batch,0,FADCGV2dAblation,freq_init,random,module input diagnostics collected with forward pre-hooks
FCN + V2d-noBoundary-noLocalVar,no_boundary_no_local_var,2028,first_test_batch,0,FADCGV2dAblation,depthwise_weight_mean,-0.014363491907715797,module input diagnostics collected with forward pre-hooks
FCN + V2d-noBoundary-noLocalVar,no_boundary_no_local_var,2028,first_test_batch,0,FADCGV2dAblation,depthwise_weight_std,0.9933018684387207,module input diagnostics collected with forward pre-hooks
FCN + V2d-noBoundary-noLocalVar,no_boundary_no_local_var,2028,first_test_batch,1,FADCGV2dAblation,boundary_gate_mean,NA,module input diagnostics collected with forward pre-hooks
FCN + V2d-noBoundary-noLocalVar,no_boundary_no_local_var,2028,first_test_batch,1,FADCGV2dAblation,boundary_gate_std,NA,module input diagnostics collected with forward pre-hooks
FCN + V2d-noBoundary-noLocalVar,no_boundary_no_local_var,2028,first_test_batch,1,FADCGV2dAblation,speckle_gate_mean,0.017984576523303986,module input diagnostics collected with forward pre-hooks
FCN + V2d-noBoundary-noLocalVar,no_boundary_no_local_var,2028,first_test_batch,1,FADCGV2dAblation,speckle_gate_std,0.00016311822400894016,module input diagnostics collected with forward pre-hooks
FCN + V2d-noBoundary-noLocalVar,no_boundary_no_local_var,2028,first_test_batch,1,FADCGV2dAblation,suppression_ratio,0.9982043504714966,module input diagnostics collected with forward pre-hooks
FCN + V2d-noBoundary-noLocalVar,no_boundary_no_local_var,2028,first_test_batch,1,FADCGV2dAblation,combined_gate_mean,0.9982043504714966,module input diagnostics collected with forward pre-hooks
FCN + V2d-noBoundary-noLocalVar,no_boundary_no_local_var,2028,first_test_batch,1,FADCGV2dAblation,combined_gate_std,1.6285644960589707e-05,module input diagnostics collected with forward pre-hooks
FCN + V2d-noBoundary-noLocalVar,no_boundary_no_local_var,2028,first_test_batch,1,FADCGV2dAblation,local_high_descriptor_mean,0.322995662689209,module input diagnostics collected with forward pre-hooks
FCN + V2d-noBoundary-noLocalVar,no_boundary_no_local_var,2028,first_test_batch,1,FADCGV2dAblation,local_variance_proxy_mean,NA,module input diagnostics collected with forward pre-hooks
FCN + V2d-noBoundary-noLocalVar,no_boundary_no_local_var,2028,first_test_batch,1,FADCGV2dAblation,multi_scale_consistency_mean,NA,module input diagnostics collected with forward pre-hooks
FCN + V2d-noBoundary-noLocalVar,no_boundary_no_local_var,2028,first_test_batch,1,FADCGV2dAblation,alpha_value,0.5017625093460083,module input diagnostics collected with forward pre-hooks
FCN + V2d-noBoundary-noLocalVar,no_boundary_no_local_var,2028,first_test_batch,1,FADCGV2dAblation,beta_value,0.09984481334686279,module input diagnostics collected with forward pre-hooks
FCN + V2d-noBoundary-noLocalVar,no_boundary_no_local_var,2028,first_test_batch,1,FADCGV2dAblation,channel_gate_mean,0.48159143328666687,module input diagnostics collected with forward pre-hooks
FCN + V2d-noBoundary-noLocalVar,no_boundary_no_local_var,2028,first_test_batch,1,FADCGV2dAblation,channel_gate_std,0.2784234285354614,module input diagnostics collected with forward pre-hooks
FCN + V2d-noBoundary-noLocalVar,no_boundary_no_local_var,2028,first_test_batch,1,FADCGV2dAblation,freq_init,random,module input diagnostics collected with forward pre-hooks
FCN + V2d-noBoundary-noLocalVar,no_boundary_no_local_var,2028,first_test_batch,1,FADCGV2dAblation,depthwise_weight_mean,-0.03860367089509964,module input diagnostics collected with forward pre-hooks
FCN + V2d-noBoundary-noLocalVar,no_boundary_no_local_var,2028,first_test_batch,1,FADCGV2dAblation,depthwise_weight_std,1.0216959714889526,module input diagnostics collected with forward pre-hooks
FCN + V2d-noBoundary-noLocalVar,no_boundary_no_local_var,2029,first_test_batch,0,FADCGV2dAblation,boundary_gate_mean,NA,module input diagnostics collected with forward pre-hooks
FCN + V2d-noBoundary-noLocalVar,no_boundary_no_local_var,2029,first_test_batch,0,FADCGV2dAblation,boundary_gate_std,NA,module input diagnostics collected with forward pre-hooks
FCN + V2d-noBoundary-noLocalVar,no_boundary_no_local_var,2029,first_test_batch,0,FADCGV2dAblation,speckle_gate_mean,0.018004771322011948,module input diagnostics collected with forward pre-hooks
FCN + V2d-noBoundary-noLocalVar,no_boundary_no_local_var,2029,first_test_batch,0,FADCGV2dAblation,speckle_gate_std,0.0005135548999533057,module input diagnostics collected with forward pre-hooks
FCN + V2d-noBoundary-noLocalVar,no_boundary_no_local_var,2029,first_test_batch,0,FADCGV2dAblation,suppression_ratio,0.9981909990310669,module input diagnostics collected with forward pre-hooks
FCN + V2d-noBoundary-noLocalVar,no_boundary_no_local_var,2029,first_test_batch,0,FADCGV2dAblation,combined_gate_mean,0.9981909990310669,module input diagnostics collected with forward pre-hooks
FCN + V2d-noBoundary-noLocalVar,no_boundary_no_local_var,2029,first_test_batch,0,FADCGV2dAblation,combined_gate_std,5.160052023711614e-05,module input diagnostics collected with forward pre-hooks
FCN + V2d-noBoundary-noLocalVar,no_boundary_no_local_var,2029,first_test_batch,0,FADCGV2dAblation,local_high_descriptor_mean,0.2903180718421936,module input diagnostics collected with forward pre-hooks
FCN + V2d-noBoundary-noLocalVar,no_boundary_no_local_var,2029,first_test_batch,0,FADCGV2dAblation,local_variance_proxy_mean,NA,module input diagnostics collected with forward pre-hooks
FCN + V2d-noBoundary-noLocalVar,no_boundary_no_local_var,2029,first_test_batch,0,FADCGV2dAblation,multi_scale_consistency_mean,NA,module input diagnostics collected with forward pre-hooks
FCN + V2d-noBoundary-noLocalVar,no_boundary_no_local_var,2029,first_test_batch,0,FADCGV2dAblation,alpha_value,0.4957786798477173,module input diagnostics collected with forward pre-hooks
FCN + V2d-noBoundary-noLocalVar,no_boundary_no_local_var,2029,first_test_batch,0,FADCGV2dAblation,beta_value,0.10047566890716553,module input diagnostics collected with forward pre-hooks
FCN + V2d-noBoundary-noLocalVar,no_boundary_no_local_var,2029,first_test_batch,0,FADCGV2dAblation,channel_gate_mean,0.3182983696460724,module input diagnostics collected with forward pre-hooks
FCN + V2d-noBoundary-noLocalVar,no_boundary_no_local_var,2029,first_test_batch,0,FADCGV2dAblation,channel_gate_std,0.3386061191558838,module input diagnostics collected with forward pre-hooks
FCN + V2d-noBoundary-noLocalVar,no_boundary_no_local_var,2029,first_test_batch,0,FADCGV2dAblation,freq_init,random,module input diagnostics collected with forward pre-hooks
FCN + V2d-noBoundary-noLocalVar,no_boundary_no_local_var,2029,first_test_batch,0,FADCGV2dAblation,depthwise_weight_mean,-0.011068717576563358,module input diagnostics collected with forward pre-hooks
FCN + V2d-noBoundary-noLocalVar,no_boundary_no_local_var,2029,first_test_batch,0,FADCGV2dAblation,depthwise_weight_std,1.0025845766067505,module input diagnostics collected with forward pre-hooks
FCN + V2d-noBoundary-noLocalVar,no_boundary_no_local_var,2029,first_test_batch,1,FADCGV2dAblation,boundary_gate_mean,NA,module input diagnostics collected with forward pre-hooks
FCN + V2d-noBoundary-noLocalVar,no_boundary_no_local_var,2029,first_test_batch,1,FADCGV2dAblation,boundary_gate_std,NA,module input diagnostics collected with forward pre-hooks
FCN + V2d-noBoundary-noLocalVar,no_boundary_no_local_var,2029,first_test_batch,1,FADCGV2dAblation,speckle_gate_mean,0.017973080277442932,module input diagnostics collected with forward pre-hooks
FCN + V2d-noBoundary-noLocalVar,no_boundary_no_local_var,2029,first_test_batch,1,FADCGV2dAblation,speckle_gate_std,0.0001527258864371106,module input diagnostics collected with forward pre-hooks
FCN + V2d-noBoundary-noLocalVar,no_boundary_no_local_var,2029,first_test_batch,1,FADCGV2dAblation,suppression_ratio,0.9982103109359741,module input diagnostics collected with forward pre-hooks
FCN + V2d-noBoundary-noLocalVar,no_boundary_no_local_var,2029,first_test_batch,1,FADCGV2dAblation,combined_gate_mean,0.9982103109359741,module input diagnostics collected with forward pre-hooks
FCN + V2d-noBoundary-noLocalVar,no_boundary_no_local_var,2029,first_test_batch,1,FADCGV2dAblation,combined_gate_std,1.520734622317832e-05,module input diagnostics collected with forward pre-hooks
FCN + V2d-noBoundary-noLocalVar,no_boundary_no_local_var,2029,first_test_batch,1,FADCGV2dAblation,local_high_descriptor_mean,0.29558101296424866,module input diagnostics collected with forward pre-hooks
FCN + V2d-noBoundary-noLocalVar,no_boundary_no_local_var,2029,first_test_batch,1,FADCGV2dAblation,local_variance_proxy_mean,NA,module input diagnostics collected with forward pre-hooks
FCN + V2d-noBoundary-noLocalVar,no_boundary_no_local_var,2029,first_test_batch,1,FADCGV2dAblation,multi_scale_consistency_mean,NA,module input diagnostics collected with forward pre-hooks
FCN + V2d-noBoundary-noLocalVar,no_boundary_no_local_var,2029,first_test_batch,1,FADCGV2dAblation,alpha_value,0.5047671794891357,module input diagnostics collected with forward pre-hooks
FCN + V2d-noBoundary-noLocalVar,no_boundary_no_local_var,2029,first_test_batch,1,FADCGV2dAblation,beta_value,0.09957369416952133,module input diagnostics collected with forward pre-hooks
FCN + V2d-noBoundary-noLocalVar,no_boundary_no_local_var,2029,first_test_batch,1,FADCGV2dAblation,channel_gate_mean,0.4897107183933258,module input diagnostics collected with forward pre-hooks
FCN + V2d-noBoundary-noLocalVar,no_boundary_no_local_var,2029,first_test_batch,1,FADCGV2dAblation,channel_gate_std,0.2561315596103668,module input diagnostics collected with forward pre-hooks
FCN + V2d-noBoundary-noLocalVar,no_boundary_no_local_var,2029,first_test_batch,1,FADCGV2dAblation,freq_init,random,module input diagnostics collected with forward pre-hooks
FCN + V2d-noBoundary-noLocalVar,no_boundary_no_local_var,2029,first_test_batch,1,FADCGV2dAblation,depthwise_weight_mean,0.02204609289765358,module input diagnostics collected with forward pre-hooks
FCN + V2d-noBoundary-noLocalVar,no_boundary_no_local_var,2029,first_test_batch,1,FADCGV2dAblation,depthwise_weight_std,1.002384066581726,module input diagnostics collected with forward pre-hooks
